{"cameraMode":{"drawMode":0,"name":"Shaded","section":"Shading Mode"},"sceneLighting":false,"audioPlay":false,"sceneViewState":{"showFog":true,"showMaterialUpdate":false,"showSkybox":false,"showFlares":true,"showImageEffects":true,"showParticleSystems":true},"in2DMode":false,"pivot":{"x":-0.33957481384277346,"y":0.0087374746799469,"z":0.9302469491958618},"rotation":{"x":0.05597966909408569,"y":-0.8809783458709717,"z":0.1078450158238411,"w":0.45729461312294009},"size":1.333749771118164,"orthographic":false}