{"cameraMode":{"drawMode":0,"name":"Shaded","section":"Shading Mode"},"sceneLighting":false,"audioPlay":false,"sceneViewState":{"showFog":true,"showMaterialUpdate":false,"showSkybox":false,"showFlares":true,"showImageEffects":true,"showParticleSystems":true},"in2DMode":false,"pivot":{"x":-39.84421920776367,"y":5.881740570068359,"z":-41.56242370605469},"rotation":{"x":0.016038497909903528,"y":-0.8848056197166443,"z":0.030537471175193788,"w":0.46468666195869448},"size":113.86695098876953,"orthographic":false}