{"cameraMode":{"drawMode":0,"name":"Shaded","section":"Shading Mode"},"sceneLighting":false,"audioPlay":false,"sceneViewState":{"showFog":true,"showMaterialUpdate":false,"showSkybox":false,"showFlares":true,"showImageEffects":true,"showParticleSystems":true},"in2DMode":false,"pivot":{"x":-3.420764446258545,"y":-0.35290098190307619,"z":-5.921111106872559},"rotation":{"x":0.019947614520788194,"y":-0.9798644185066223,"z":0.14990557730197907,"w":0.13038945198059083},"size":18.951915740966798,"orthographic":false}