{"cameraMode":{"drawMode":0,"name":"Shaded","section":"Shading Mode"},"sceneLighting":false,"audioPlay":false,"sceneViewState":{"showFog":true,"showMaterialUpdate":false,"showSkybox":false,"showFlares":true,"showImageEffects":true,"showParticleSystems":true},"in2DMode":false,"pivot":{"x":54.06752014160156,"y":170.6929473876953,"z":3.025421142578125},"rotation":{"x":0.013497860170900822,"y":0.01829281821846962,"z":-0.00024846711312420666,"w":0.9997463822364807},"size":289.4239196777344,"orthographic":false}