{"cameraMode":{"drawMode":0,"name":"Shaded","section":"Shading Mode"},"sceneLighting":false,"audioPlay":false,"sceneViewState":{"showFog":true,"showMaterialUpdate":false,"showSkybox":false,"showFlares":true,"showImageEffects":true,"showParticleSystems":true},"in2DMode":false,"pivot":{"x":3.1600089073181154,"y":7.579779624938965,"z":-6.325019836425781},"rotation":{"x":0.006001942325383425,"y":0.9930523037910461,"z":-0.10195469856262207,"w":0.05846027284860611},"size":29.99514389038086,"orthographic":false}