{"cameraMode":{"drawMode":0,"name":"Shaded","section":"Shading Mode"},"sceneLighting":false,"audioPlay":false,"sceneViewState":{"showFog":true,"showMaterialUpdate":false,"showSkybox":false,"showFlares":true,"showImageEffects":true,"showParticleSystems":true},"in2DMode":false,"pivot":{"x":50.89002227783203,"y":13.899993896484375,"z":39.78791809082031},"rotation":{"x":0.11420579999685288,"y":-0.4927345812320709,"z":0.06542272865772248,"w":0.8601713180541992},"size":90.4842529296875,"orthographic":false}