{"cameraMode":{"drawMode":0,"name":"Shaded","section":"Shading Mode"},"sceneLighting":false,"audioPlay":false,"sceneViewState":{"showFog":true,"showMaterialUpdate":false,"showSkybox":false,"showFlares":true,"showImageEffects":true,"showParticleSystems":true},"in2DMode":false,"pivot":{"x":23.109596252441408,"y":6.229984283447266,"z":13.203964233398438},"rotation":{"x":0.08563776314258576,"y":0.6769509315490723,"z":-0.07977914810180664,"w":0.7266639471054077},"size":145.14950561523438,"orthographic":false}