{"cameraMode":{"drawMode":0,"name":"Shaded","section":"Shading Mode"},"sceneLighting":false,"audioPlay":false,"sceneViewState":{"showFog":true,"showMaterialUpdate":false,"showSkybox":false,"showFlares":true,"showImageEffects":true,"showParticleSystems":true},"in2DMode":false,"pivot":{"x":60.97148513793945,"y":11.032524108886719,"z":96.80221557617188},"rotation":{"x":0.3177056610584259,"y":-0.06082179397344589,"z":0.020427409559488298,"w":0.9460185766220093},"size":107.49205017089844,"orthographic":false}