{"cameraMode":{"drawMode":0,"name":"Shaded","section":"Shading Mode"},"sceneLighting":false,"audioPlay":false,"sceneViewState":{"showFog":true,"showMaterialUpdate":false,"showSkybox":false,"showFlares":true,"showImageEffects":true,"showParticleSystems":true},"in2DMode":false,"pivot":{"x":-0.5433673858642578,"y":0.05562716722488403,"z":0.9430710077285767},"rotation":{"x":0.04108796641230583,"y":-0.9399656057357788,"z":0.12222804129123688,"w":0.315978080034256},"size":1.6337497234344483,"orthographic":false}